match_id,end_of_game_result,game_mode,game_name,duration_sec,game_version,win,game_ended_in_early_surrender,championName,lane,champ_level,gold_earned,items_purchased,items,item_names,item_icons,vision_score,damage_dealt,damage_dealt_to_champion,damage_dealt_to_buildings,damage_dealt_to_objectives,damage_dealt_to_turrets,damage_taken,minions_killed,baron_kills,dragon_kills,first_bloodKill,first_tower_kill,kills,solo_kills,double_kills,triple_kills,quadra_kills,penta_kills,largest_multi_kill,kill_participation,deaths,assists
KR_7858254806,GameComplete,CLASSIC,teambuilder-match-7858254806,1291,15.20.717.2831,True,False,Jayce,MIDDLE,14,9400,17,3142;3047;3042;1055;3340,,,,99401,,2946,6555,2946,14202,165,0,0,False,False,6,1,0,0,0,0,1,0.5416666666666666,4,7
KR_7858151244,GameComplete,CLASSIC,teambuilder-match-7858151244,1873,15.20.717.2831,True,False,Lissandra,MIDDLE,17,13012,22,4645;1082;3135;2503;1058;3175;3364,,,,187985,,5730,8051,5730,18644,274,0,0,False,False,3,1,0,0,0,0,1,0.5,0,12
KR_7858019563,GameComplete,CLASSIC,teambuilder-match-7858019563,1689,15.20.717.2831,False,False,Leblanc,MIDDLE,15,12124,23,4645;6655;1082;3137;3111;3364,,,,152928,,1423,1423,1423,23137,244,0,0,False,False,6,1,0,0,0,0,1,0.4444444444444444,5,2
KR_7857352690,GameComplete,CHERRY,teambuilder-match-7857352690,1445,15.20.717.2831,False,False,Taliyah,MIDDLE,16,11350,9,223020;223089;447113;224633;226655;4010;3348,,,,175780,,0,0,0,21018,1,0,0,False,False,9,1,1,0,0,0,2,0.2857142857142857,6,3
KR_7856448015,GameComplete,CLASSIC,teambuilder-match-7856448015,1676,15.19.715.1836,True,False,Azir,TOP,17,14645,18,4632;3041;3157;3115;1056;3175;3363,,,,183612,,13120,26650,13120,18426,230,0,0,False,False,5,5,0,0,0,0,1,0.6,1,16
KR_7856357576,GameComplete,CLASSIC,teambuilder-match-7856357576,1630,15.19.715.1836,True,False,Azir,MIDDLE,17,11569,21,2031;3115;2421;3116;1056;1001;3363,,,,135621,,3717,3717,3717,22027,213,0,0,False,False,4,2,1,0,0,0,2,0.25,6,6
KR_7856281659,GameComplete,CLASSIC,teambuilder-match-7856281659,1422,15.19.715.1836,False,False,Aurora,MIDDLE,13,10815,25,3113;6655;3108;3020;1056;4645;3340,,,,106208,,1039,3133,1039,25515,166,0,0,False,False,7,1,1,0,0,0,2,0.5909090909090909,9,6
KR_7856196441,GameComplete,CLASSIC,teambuilder-match-7856196441,915,15.19.715.1836,True,False,Yone,NONE,11,5769,14,2031;3006;3153;3364,,,,60424,,1943,1943,1943,13931,130,0,0,False,False,1,0,0,0,0,0,1,0.26666666666666666,1,3
KR_7855895357,GameComplete,CHERRY,teambuilder-match-7855895357,1309,15.19.715.1836,True,False,Darius,TOP,18,17156,17,226609;223047;446632;447111;226610;223039;3348,,,,152572,,0,0,0,45121,0,0,0,False,False,17,1,4,0,0,0,2,0.3225806451612903,2,3
KR_7855800422,GameComplete,CLASSIC,teambuilder-match-7855800422,1582,15.19.715.1836,True,False,Jayce,TOP,16,10843,26,3142;3042;2055;3035;1055;3171;3363,,,,132103,,11302,11302,11302,19819,182,0,0,False,False,2,2,0,0,0,0,1,0.4411764705882353,7,13
KR_7854217940,GameComplete,CLASSIC,teambuilder-match-7854217940,1349,15.19.715.1836,False,False,Jayce,MIDDLE,14,9075,21,3142;3042;3035;3158;1055;3363,,,,117023,,800,1575,800,17561,197,0,0,False,False,2,1,0,0,0,0,1,0.5833333333333334,6,5
KR_7854155054,GameComplete,CLASSIC,teambuilder-match-7854155054,1956,15.19.715.1836,False,False,Azir,MIDDLE,17,15071,25,2055;3115;3157;3175;3089;3116;3364,,,,228311,,6994,7955,6994,22752,271,0,0,False,True,3,1,0,0,0,0,1,0.3333333333333333,5,3
KR_7854091325,GameComplete,CLASSIC,teambuilder-match-7854091325,1034,15.19.715.1836,True,False,Annie,NONE,12,7360,15,3118;1082;2420;3020;1056;1011;3340,,,,69411,,2259,2259,2259,6453,154,0,0,False,False,2,1,0,0,0,0,1,0.2857142857142857,1,4
KR_7853949039,GameComplete,CLASSIC,teambuilder-match-7853949039,1136,15.19.715.1836,True,False,TahmKench,NONE,9,5465,18,3869;3076;3190;2055;1028;3047;3364,,,,12350,,0,0,0,14744,19,0,0,False,False,0,0,0,0,0,0,0,0.5714285714285714,3,12
KR_7852025214,GameComplete,CHERRY,teambuilder-match-7852025214,1391,15.19.715.1836,False,False,Bard,MIDDLE,14,10455,5,2049;226653;228001;447120;223137;223089;3348,,,,37267,,0,0,0,23555,0,0,0,False,False,4,1,0,0,0,0,1,0.24,6,2
KR_7851903870,GameComplete,CLASSIC,teambuilder-match-7851903870,2137,15.19.715.1836,True,False,Yone,MIDDLE,18,13945,29,6673;3006;3140;3031;1036;3153;3364,,,,231803,,4965,17148,4965,40583,259,0,0,False,False,3,1,0,0,0,0,1,0.3157894736842105,6,9
KR_7851809754,GameComplete,CLASSIC,teambuilder-match-7851809754,1427,15.19.715.1836,True,False,Ryze,MIDDLE,17,14007,23,3040;1026;3157;6657;4630;3158;3363,,,,180027,,4694,9385,4694,17346,235,0,0,False,False,12,1,1,0,0,0,2,0.6666666666666666,1,4
KR_7851300813,GameComplete,CLASSIC,teambuilder-match-7851300813,1340,15.19.715.1836,True,False,LeeSin,JUNGLE,14,8971,20,3173;6610;2055;3071;3340,,,,206817,,93,30085,93,28765,20,0,3,False,False,1,0,0,0,0,0,1,0.8571428571428571,1,17
KR_7851225074,GameComplete,CLASSIC,teambuilder-match-7851225074,969,15.19.715.1836,False,False,Yasuo,NONE,11,5570,14,3153;3006;2055;1018;3340,,,,61192,,0,0,0,10434,140,0,0,False,False,1,0,0,0,0,0,1,0.3333333333333333,2,1
KR_7851145201,GameComplete,CLASSIC,teambuilder-match-7851145201,972,15.19.715.1836,False,False,Leblanc,NONE,10,4863,13,2031;1082;6655;1001;1056;1052;3340,,,,42418,,0,0,0,12441,101,0,0,True,False,1,0,0,0,0,0,1,0.3333333333333333,3,3
KR_7850998706,GameComplete,CLASSIC,teambuilder-match-7850998706,1418,15.19.715.1836,False,False,Vex,TOP,14,9064,22,4629;3158;3108;2503;1056;1082;3364,,,,116825,,4649,4823,4649,16787,216,0,0,False,False,0,0,0,0,0,0,0,0.18181818181818182,6,2
KR_7818745957,GameComplete,CHERRY,teambuilder-match-7818745957,1478,15.18.710.2811,True,False,Pyke,MIDDLE,18,23950,25,226693;447115;224004;226697;4017;224403;3348,,,,256290,,0,0,0,66989,0,0,0,False,False,18,5,3,0,0,0,2,0.35526315789473684,7,9
KR_7818641248,GameComplete,CLASSIC,teambuilder-match-7818641248,1738,15.18.710.2811,False,False,Ryze,MIDDLE,15,10593,24,6657;3040;4632;1056;3158;3363,,,,157510,,0,181,0,34459,216,0,0,False,False,2,0,0,0,0,0,1,0.30434782608695654,9,5
KR_7817016103,GameComplete,CLASSIC,teambuilder-match-7817016103,1552,15.18.710.2811,False,False,Galio,MIDDLE,14,9230,23,1058;6664;2421;1082;1056;3111;3364,,,,101374,,1124,1124,1124,25484,199,0,0,False,False,2,1,0,0,0,0,1,0.5,6,6
KR_7816931606,GameComplete,CLASSIC,teambuilder-match-7816931606,1920,15.18.710.2811,False,False,Ryze,JUNGLE,17,14422,23,3040;6657;3157;3158;1056;3137;3340,,,,214627,,3904,6387,3904,39218,284,0,0,False,False,5,0,1,0,0,0,2,0.7058823529411765,6,7
KR_7816794932,GameComplete,CLASSIC,teambuilder-match-7816794932,917,15.18.710.2811,True,False,Lissandra,NONE,11,6045,13,2031;3158;2503;1052;1056;1082;3340,,,,65068,,1583,1583,1583,8858,136,0,0,False,False,2,2,1,0,0,0,2,0.15384615384615385,2,0
KR_7816733991,GameComplete,CLASSIC,teambuilder-match-7816733991,914,15.18.710.2811,True,False,Jayce,NONE,10,5672,12,3142;2031;3133;3070;1055;1001;3340,,,,72106,,2667,2907,2667,8318,140,0,0,False,False,1,1,0,0,0,0,1,0.05555555555555555,1,0
KR_7814349616,GameComplete,CLASSIC,teambuilder-match-7814349616,918,15.18.710.2811,True,False,Annie,NONE,11,7831,14,2031;3158;3116;1082;1056;3118;3340,,,,64286,,2474,2474,2474,7222,125,0,0,False,False,11,6,1,1,0,0,3,0.5652173913043478,0,2
KR_7814313545,GameComplete,CLASSIC,teambuilder-match-7814313545,1814,15.18.710.2811,False,False,Yone,MIDDLE,17,13384,26,6673;3153;2055;3031;2019;3006;3364,,,,168529,,91,9425,91,38390,230,0,0,False,False,9,2,2,1,0,0,3,0.46875,7,6
KR_7814259957,GameComplete,CLASSIC,teambuilder-match-7814259957,1433,15.18.710.2811,False,False,Ambessa,TOP,14,8307,22,2031;6692;3047;3071;3340,,,,97315,,1017,1017,1017,17402,183,0,0,False,False,2,0,0,0,0,0,1,0.2857142857142857,0,2
KR_7813048255,GameComplete,CLASSIC,teambuilder-match-7813048255,1594,15.18.710.2811,True,False,Aurora,TOP,16,12292,20,4633;3111;3108;6653;4630;3041;3364,,,,127637,,2913,4502,2913,20876,211,0,0,False,True,7,2,1,0,0,0,2,0.5714285714285714,1,5
KR_7813012807,GameComplete,CLASSIC,teambuilder-match-7813012807,1592,15.18.710.2811,False,False,Orianna,MIDDLE,16,10791,22,6657;1082;1058;3040;3158;1058;3363,,,,162865,,2690,3876,2690,16102,240,0,0,False,False,2,0,0,0,0,0,1,0.4666666666666667,2,5
KR_7812983511,GameComplete,CLASSIC,teambuilder-match-7812983511,1346,15.18.710.2811,False,False,Aatrox,TOP,14,8477,18,3053;6610;2055;3047;1054;3340,,,,76510,,0,274,0,28286,158,0,0,False,False,5,2,0,0,0,0,1,0.5,5,2
KR_7809887199,GameComplete,CLASSIC,teambuilder-match-7809887199,1804,15.18.710.2811,True,False,Orianna,TOP,18,16118,26,3108;3040;3157;3171;3089;3041;3363,,,,231421,,8066,19139,8066,19665,272,1,0,False,True,11,2,1,0,0,0,2,0.6829268292682927,2,17
KR_7808755194,GameComplete,CLASSIC,teambuilder-match-7808755194,1440,15.18.710.2811,True,False,TwistedFate,MIDDLE,16,11470,20,3100;1082;3094;3010;1056;6657;3363,,,,127933,,6321,8172,6321,20913,202,0,0,False,False,2,0,0,0,0,0,1,0.5161290322580645,3,14
KR_7808589076,GameComplete,CLASSIC,teambuilder-match-7808589076,1998,15.18.710.2811,True,False,Yone,MIDDLE,17,11772,27,3153;3006;1038;6673;1037;1018;3364,,,,187895,,259,14159,259,35312,235,0,0,False,False,3,1,0,0,0,0,1,0.2608695652173913,6,3
KR_7808378205,GameComplete,CHERRY,teambuilder-match-7808378205,1461,15.18.710.2811,True,False,Diana,TOP,18,25030,28,223115;223111;223157;223089;444637;223137;3348,,,,222643,,0,0,0,50375,3,0,0,False,False,15,0,3,0,0,0,2,0.3275862068965517,6,4
KR_7808219654,GameComplete,CHERRY,teambuilder-match-7808219654,1422,15.18.710.2811,True,False,Fizz,TOP,18,23100,19,447112;446667;447100;223089;444637;223135;3348,,,,155852,,0,0,0,40194,0,0,0,False,False,15,5,2,0,0,0,2,0.328125,4,6
KR_7807052687,GameComplete,CLASSIC,teambuilder-match-7807052687,1855,15.18.710.2811,False,False,Braum,BOTTOM,14,10783,31,3869;3107;3190;2055;3109;3174;3364,,,,22536,,113,967,113,34917,30,0,0,False,False,4,0,0,0,0,0,1,0.7857142857142857,8,29
KR_7807007974,GameComplete,CLASSIC,teambuilder-match-7807007974,1676,15.18.710.2811,False,False,Taliyah,MIDDLE,15,9102,19,3041;2420;3040;1056;3111;3363,,,,130125,,568,2878,568,18287,212,0,0,False,False,0,0,0,0,0,0,0,0.5294117647058824,6,9
KR_7806984310,GameComplete,CHERRY,teambuilder-match-7806984310,1441,15.18.710.2811,False,False,Renata,BOTTOM,16,10820,7,223107;4016;223109;447102;226616;223504;3348,,,,63931,,0,0,0,48481,1,0,0,False,False,1,0,0,0,0,0,1,0.2857142857142857,4,11
KR_7806934322,GameComplete,CHERRY,teambuilder-match-7806934322,1454,15.18.710.2811,True,False,Smolder,BOTTOM,18,33820,31,223094;223033;223139;223031;223095;223072;3348,,,,231539,,0,0,0,42337,2,0,0,False,False,14,2,3,1,0,0,3,0.2608695652173913,6,4
KR_7806815627,GameComplete,CLASSIC,teambuilder-match-7806815627,1603,15.18.710.2811,True,False,Tristana,TOP,14,11715,22,3032;3006;1037;1053;1055;3031;3340,,,,132684,,4073,11987,4073,23200,174,0,1,False,False,5,0,0,0,0,0,1,0.6296296296296297,3,12
KR_7806577625,GameComplete,CLASSIC,teambuilder-match-7806577625,1419,15.18.710.2811,True,False,Galio,MIDDLE,15,12461,21,3152;3020;3157;3041;1056;1058;3340,,,,116008,,5389,5389,5389,21323,198,0,0,False,False,8,1,1,1,0,0,3,0.48,4,4
KR_7805499358,GameComplete,CLASSIC,teambuilder-match-7805499358,1628,15.18.710.2811,True,False,Cassiopeia,MIDDLE,18,12665,23,3040;3041;3157;3108;1056;6657;3364,,,,153064,,2532,8405,2532,29503,237,1,0,True,False,5,0,0,0,0,0,1,0.5161290322580645,4,11
KR_7805435642,GameComplete,CLASSIC,teambuilder-match-7805435642,2486,15.18.710.2811,True,False,Morgana,MIDDLE,18,16087,29,2503;6653;1058;1058;4628;3171;3363,,,,187053,,2311,4751,2311,33431,289,0,0,False,False,4,0,1,0,0,0,2,0.5,6,11
KR_7805384817,GameComplete,CLASSIC,teambuilder-match-7805384817,1632,15.18.710.2811,False,False,Orianna,MIDDLE,15,10407,20,1058;3158;3137;2503;1056;1082;3340,,,,129155,,1615,1869,1615,22251,237,0,0,False,False,1,0,0,0,0,0,1,0.5,7,1
KR_7805316597,GameComplete,CLASSIC,teambuilder-match-7805316597,1393,15.18.710.2811,False,False,Orianna,MIDDLE,13,9665,19,3916;3158;3157;2503;1056;1082;3363,,,,123276,,4660,4660,4660,17136,212,0,0,False,False,3,1,0,0,0,0,1,0.5,6,4
KR_7805263050,GameComplete,CHERRY,teambuilder-match-7805263050,1499,15.18.710.2811,False,False,Jhin,BOTTOM,15,10300,9,223031;443056;223005;226676;223032;223033;3348,,,,104105,,0,0,0,28186,0,0,0,False,False,5,2,0,0,0,0,1,0.22580645161290322,10,2
KR_7805183938,GameComplete,CHERRY,teambuilder-match-7805183938,1678,15.18.710.2811,False,False,Qiyana,BOTTOM,18,13430,18,447112;223111;223185;3348,,,,112646,,0,0,0,40298,0,0,0,False,False,4,0,0,0,0,0,1,0.40540540540540543,8,11
KR_7802876376,GameComplete,CLASSIC,teambuilder-match-7802876376,1239,15.17.708.5788,False,False,Taliyah,MIDDLE,13,8085,19,3040;3108;3108;1082;1056;3158;3363,,,,103508,,1560,5247,1560,13519,178,0,0,False,False,4,1,1,0,0,0,2,0.4444444444444444,4,4
KR_7802850057,GameComplete,CLASSIC,teambuilder-match-7802850057,1161,15.17.708.5788,True,False,Galio,NONE,13,8548,15,3152;1058;2420;1082;1056;3158;3340,,,,100594,,1460,1460,1460,11005,189,0,0,False,False,3,1,0,0,0,0,1,0.4,1,7
KR_7802814583,GameComplete,CLASSIC,teambuilder-match-7802814583,1419,15.17.708.5788,False,False,Azir,TOP,13,8466,19,2031;3115;1082;3020;1056;3116;3363,,,,98511,,3367,3367,3367,24122,173,0,0,False,False,2,0,0,0,0,0,1,0.25,6,1
KR_7802772160,GameComplete,CLASSIC,teambuilder-match-7802772160,1419,15.17.708.5788,True,False,Ryze,MIDDLE,16,12230,23,3040;4632;1052;6657;1058;3111;3363,,,,161892,,7032,16432,7032,20270,203,0,0,False,False,7,0,0,0,0,0,1,0.525,3,14
KR_7802727004,GameComplete,CLASSIC,teambuilder-match-7802727004,1037,15.17.708.5788,True,False,Yone,NONE,12,7244,14,3006;3153;1018;1054;1036;3364,,,,64837,,131,2862,131,15236,130,0,0,False,False,4,1,0,0,0,0,1,0.6470588235294118,3,7
KR_7802673293,GameComplete,CHERRY,teambuilder-match-7802673293,1366,15.17.708.5788,False,False,Olaf,MIDDLE,13,7748,10,443064;3348,,,,35724,,0,0,0,16232,0,0,0,False,False,3,0,0,0,0,0,1,0.08888888888888889,8,1
KR_7802536455,GameComplete,CHERRY,teambuilder-match-7802536455,1388,15.17.708.5788,True,False,Yorick,BOTTOM,18,19180,23,447122;443056;223071;447111;447112;447103;3348,,,,155124,,0,0,0,89857,1,0,0,False,False,10,4,1,0,0,0,2,0.2535211267605634,5,8
KR_7802452290,GameComplete,CLASSIC,teambuilder-match-7802452290,1683,15.17.708.5788,False,False,Orianna,MIDDLE,16,11600,21,4645;1082;2420;2503;1058;3020;3363,,,,133155,,1468,2381,1468,27223,240,0,0,False,False,4,1,0,0,0,0,1,0.45,7,5
KR_7801651104,GameComplete,CHERRY,teambuilder-match-7801651104,1331,15.17.708.5788,True,False,Ornn,BOTTOM,18,18106,18,447119;226665;228001;443061;443059;223084;3348,,,,94922,,0,0,0,32853,0,0,0,False,False,10,2,2,0,0,0,2,0.275,2,12
KR_7801582199,GameComplete,CLASSIC,teambuilder-match-7801582199,2110,15.17.708.5788,False,False,Galio,MIDDLE,18,16397,30,3152;1058;3157;3020;4633;8010;3363,,,,205044,,1898,1898,1898,48005,282,0,0,False,False,7,2,1,0,0,0,2,0.8108108108108109,9,23
KR_7801528221,GameComplete,CLASSIC,teambuilder-match-7801528221,1474,15.17.708.5788,True,False,Morgana,MIDDLE,15,11060,23,3152;2503;3158;1082;6653;1052;3364,,,,113723,,3628,10032,3628,22118,191,0,0,True,False,6,0,0,0,0,0,1,0.4722222222222222,3,11
KR_7801460499,GameComplete,CHERRY,teambuilder-match-7801460499,1596,15.17.708.5788,False,False,Amumu,BOTTOM,16,10404,7,223039;223020;228001;443061;228020;223065;3348,,,,57044,,0,0,0,39702,1,0,0,False,False,1,0,0,0,0,0,1,0.21875,6,6
KR_7801413028,GameComplete,CHERRY,teambuilder-match-7801413028,1520,15.17.708.5788,True,False,Zyra,TOP,18,23110,21,447104;447108;4015;3430;223089;224645;3348,,,,77954,,0,0,0,17209,0,0,0,False,False,10,1,1,0,0,0,2,0.2465753424657534,5,8
KR_7801352091,GameComplete,CHERRY,teambuilder-match-7801352091,1619,15.17.708.5788,True,False,Xerath,TOP,18,25950,25,447113;223089;447120;223135;223102;224645;3348,,,,233539,,0,0,0,27252,0,0,0,True,False,14,0,2,0,0,0,2,0.28,4,7
KR_7800410070,GameComplete,CLASSIC,teambuilder-match-7800410070,1213,15.17.708.5788,True,False,MonkeyKing,JUNGLE,12,7624,20,3047;3078;2055;2021;3133;1028;3364,,,,165462,,0,21689,0,22838,10,0,3,False,False,2,0,0,0,0,0,1,0.35,1,5
KR_7800340103,GameComplete,CLASSIC,teambuilder-match-7800340103,2679,15.17.708.5788,True,False,Taliyah,MIDDLE,18,21439,31,3102;3040;3157;3137;3089;3171;3363,,,,337323,,2542,19223,2542,41352,304,1,1,False,True,10,0,1,0,0,0,2,0.5740740740740741,5,21
KR_7800259728,GameComplete,CLASSIC,teambuilder-match-7800259728,943,15.17.708.5788,True,False,Taliyah,NONE,11,5838,17,3040;2022;2055;1001;1056;1082;3363,,,,66443,,894,1035,894,7898,122,0,0,False,False,2,0,0,0,0,0,1,0.3333333333333333,3,4
KR_7799956621,GameComplete,CLASSIC,teambuilder-match-7799956621,1667,15.17.708.5788,True,False,TwistedFate,MIDDLE,18,15970,26,3094;6657;3157;3173;1058;3100;3340,,,,201765,,4083,8617,4083,21698,272,0,0,False,False,7,2,0,0,0,0,1,0.6923076923076923,1,11
KR_7799904113,GameComplete,CHERRY,teambuilder-match-7799904113,1553,15.17.708.5788,True,False,Udyr,BOTTOM,15,11680,8,226676;226694;224004;226697;223026;443090;3348,,,,198994,,0,0,0,19742,1,0,0,False,False,3,0,1,0,0,0,2,0.0945945945945946,5,4
KR_7798700269,GameComplete,CLASSIC,teambuilder-match-7798700269,1316,15.17.708.5788,True,False,Aurora,MIDDLE,15,10918,18,3108;6653;2421;3041;3113;3111;3340,,,,108608,,1349,1349,1349,17698,194,0,0,False,False,9,1,1,0,0,0,2,0.4857142857142857,0,8
KR_7798660398,GameComplete,CLASSIC,teambuilder-match-7798660398,919,15.17.708.5788,True,False,Leblanc,NONE,11,5296,15,2031;6655;2055;3020;1056;1082;3364,,,,54658,,441,441,441,6791,142,0,0,False,False,0,0,0,0,0,0,0,0,0,0
KR_7798579670,GameComplete,CLASSIC,teambuilder-match-7798579670,1630,15.17.708.5788,False,False,MonkeyKing,JUNGLE,13,9072,21,6610;3078;3047;1028;2022;3364,,,,155696,,0,10626,0,34386,10,0,1,False,False,4,1,0,0,0,0,1,0.5,6,4
KR_7798511373,GameComplete,CLASSIC,teambuilder-match-7798511373,1625,15.17.708.5788,False,False,Azir,MIDDLE,16,11948,21,3020;3115;3157;1082;1056;3116;3363,,,,162577,,831,3258,831,18444,285,0,0,False,False,2,1,0,0,0,0,1,0.8571428571428571,5,4
KR_7798409344,GameComplete,CLASSIC,teambuilder-match-7798409344,1750,15.17.708.5788,False,False,Yone,MIDDLE,16,10567,26,3153;3006;1036;2019;1036;6673;3364,,,,161869,,365,6040,365,30907,225,0,0,False,False,1,0,0,0,0,0,1,0.36363636363636365,6,7
KR_7798131676,GameComplete,CHERRY,teambuilder-match-7798131676,1457,15.17.708.5788,True,False,Neeko,TOP,18,22850,23,223115;223089;443056;223124;223302;223006;3348,,,,277442,,0,0,0,78071,0,0,0,False,False,13,2,3,0,0,0,2,0.32432432432432434,6,11
KR_7797318305,GameComplete,CLASSIC,teambuilder-match-7797318305,101,15.17.708.5788,True,True,Aurora,NONE,1,503,3,2003;1056;3340,,,,352,,0,0,0,167,0,0,0,False,False,0,0,0,0,0,0,0,,0,0
KR_7796799935,GameComplete,CLASSIC,teambuilder-match-7796799935,1174,15.17.708.5788,True,False,Aurora,NONE,13,9782,18,3118;3157;1082;1056;3175;3364,,,,101437,,4764,4764,4764,15342,181,0,0,False,False,6,2,1,0,0,0,2,0.46153846153846156,2,6
KR_7796748178,GameComplete,CHERRY,teambuilder-match-7796748178,1430,15.17.708.5788,True,False,Seraphine,BOTTOM,18,25700,29,223116;223089;447108;226657;226653;223137;3348,,,,184190,,0,0,0,37368,0,0,0,False,False,16,0,4,0,0,0,2,0.2692307692307692,4,5
KR_7796694312,GameComplete,CHERRY,teambuilder-match-7796694312,1634,15.17.708.5788,False,False,Aatrox,MIDDLE,16,11760,9,447111;223072;443063;226333;223156;223026;3348,,,,101998,,0,0,0,47909,3,0,0,False,False,9,0,2,0,0,0,2,0.325,6,4
KR_7796584323,GameComplete,CLASSIC,teambuilder-match-7796584323,1368,15.17.708.5788,True,False,Orianna,TOP,15,10768,20,4630;6657;1058;3171;1056;3040;3363,,,,102219,,3395,3395,3395,19339,172,0,0,False,True,5,1,0,0,0,0,1,0.5862068965517241,3,12
KR_7793463167,GameComplete,CLASSIC,teambuilder-match-7793463167,1145,15.17.708.5788,False,False,Annie,NONE,12,7194,16,1011;3118;3158;1026;1056;1082;3363,,,,66014,,1962,1962,1962,10642,160,0,0,False,False,1,0,0,0,0,0,1,0.5,4,1
KR_7790857706,GameComplete,CHERRY,teambuilder-match-7790857706,1765,15.17.708.5788,True,False,Lux,BOTTOM,18,33789,35,443080;447113;443064;223089;444637;223135;3348,,,,217904,,0,0,0,39805,0,0,0,False,False,19,2,4,0,0,0,2,0.3448275862068966,3,11
KR_7790780213,GameComplete,CHERRY,teambuilder-match-7790780213,1312,15.17.708.5788,True,False,Ambessa,TOP,18,20100,18,226609;226333;446691;223071;223053;447111;3348,,,,349380,,0,0,0,60652,0,0,0,False,False,16,2,3,0,0,0,2,0.2857142857142857,2,6
KR_7790073239,GameComplete,CHERRY,teambuilder-match-7790073239,1488,15.17.708.5788,False,False,Kalista,BOTTOM,16,13075,9,223031;443069;223139;223036;223172;223085;3348,,,,183578,,0,0,0,40790,1,0,0,False,False,9,1,1,0,0,0,2,0.2765957446808511,7,4
KR_7790018138,GameComplete,CHERRY,teambuilder-match-7790018138,1481,15.17.708.5788,True,False,Sejuani,BOTTOM,17,14074,9,447122;223047;223143;446667;223084;223110;3348,,,,85431,,0,0,0,56281,0,0,0,False,False,14,1,4,0,0,0,2,0.2,6,1
KR_7786370465,Abort_TooFewPlayers,PRACTICETOOL,teambuilder-match-7786370465,90,15.17.708.2856,False,False,Lucian,NONE,18,30500,7,3508;3031;6675;3158;6672;3071;3340,,,,52269,,0,0,0,0,0,0,0,False,False,0,,0,0,0,0,0,,0,0
KR_7786363766,Abort_TooFewPlayers,PRACTICETOOL,teambuilder-match-7786363766,137,15.17.708.2856,False,False,Lucian,NONE,18,30786,6,3508;3031;6675;3158;6672;3071;3340,,,,87063,,0,0,0,45,12,0,0,False,False,0,,0,0,0,0,0,,0,0
KR_7786357956,Abort_TooFewPlayers,PRACTICETOOL,teambuilder-match-7786357956,198,15.17.708.2856,False,False,Azir,NONE,13,10854,3,3115;3020;3116;3340,,,,89956,,0,0,0,19,8,0,0,False,False,0,,0,0,0,0,0,,0,0
KR_7786357580,Abort_TooFewPlayers,PRACTICETOOL,teambuilder-match-7786357580,218,15.17.708.2856,False,False,Lucian,NONE,18,31162,7,3508;3031;6675;3158;6672;3071;3340,,,,268124,,0,0,0,92,22,0,0,False,False,0,,0,0,0,0,0,,0,0
KR_7786227977,GameComplete,CLASSIC,teambuilder-match-7786227977,1641,15.17.708.2856,True,False,Azir,MIDDLE,17,13957,29,1058;3115;3157;3175;8010;1026;3340,,,,168812,,3728,13930,3728,21145,251,0,0,False,False,7,1,1,0,0,0,2,0.4722222222222222,3,10
KR_7786154696,GameComplete,CLASSIC,teambuilder-match-7786154696,1906,15.17.708.2856,False,False,Orianna,MIDDLE,17,14893,23,2055;3040;3157;6657;3137;3111;3364,,,,199145,,3520,7270,3520,31808,256,0,0,True,False,8,1,0,0,0,0,1,0.64,4,8
KR_7786131695,Abort_TooFewPlayers,PRACTICETOOL,teambuilder-match-7786131695,101,15.17.708.2856,False,False,Yone,NONE,18,30503,6,3006;3153;6673;3031;6672;3033;3340,,,,137244,,0,0,0,11,0,0,0,False,False,0,,0,0,0,0,0,,0,0
KR_7786057664,GameComplete,CLASSIC,teambuilder-match-7786057664,1417,15.17.708.2856,True,False,Yone,TOP,15,8821,18,3153;6333;2055;3006;1055;3363,,,,144301,,2521,4338,2521,16257,202,0,0,False,False,0,0,0,0,0,0,0,0.20833333333333334,3,5
KR_7786005271,GameComplete,CHERRY,teambuilder-match-7786005271,1554,15.17.708.2856,False,False,Kalista,BOTTOM,15,11070,9,223153;223085;223139;223036;223031;443055;3348,,,,150461,,0,0,0,21989,0,0,0,False,False,4,0,1,0,0,0,2,0.19230769230769232,9,1
KR_7785980615,Abort_TooFewPlayers,PRACTICETOOL,teambuilder-match-7785980615,217,15.17.708.2856,False,False,Lucian,NONE,18,20823,6,3508;3031;6675;3158;6672;3071;3340,,,,266109,,0,0,0,5,4,0,0,False,False,0,,0,0,0,0,0,,0,0
KR_7785751949,GameComplete,CHERRY,teambuilder-match-7785751949,1238,15.17.708.2856,True,False,Janna,BOTTOM,18,23402,20,223504;447109;447105;4011;224403;447101;3348,,,,156051,,0,0,0,32922,0,0,0,False,False,6,0,0,0,0,0,1,0.24285714285714285,5,11
KR_7784668837,GameComplete,CLASSIC,teambuilder-match-7784668837,1289,15.17.706.7412,True,False,Ryze,MIDDLE,14,11375,25,1058;6657;2420;3040;1056;3171;3364,,,,134606,,5602,13628,5602,19096,176,0,0,True,True,9,2,1,0,0,0,2,0.6923076923076923,2,9
KR_7784657896,Abort_TooFewPlayers,PRACTICETOOL,teambuilder-match-7784657896,64,15.17.706.7412,False,False,Lucian,NONE,18,30500,6,3508;3031;6675;3158;6672;3071;3340,,,,47299,,0,0,0,0,0,0,0,False,False,0,,0,0,0,0,0,,0,0
KR_7784649879,Abort_TooFewPlayers,PRACTICETOOL,teambuilder-match-7784649879,121,15.17.706.7412,False,False,Lucian,NONE,18,30586,7,3508;3031;6675;3158;6672;3071;3340,,,,45494,,0,0,0,44,3,0,0,False,False,0,,0,0,0,0,0,,0,0
KR_7784636753,Abort_TooFewPlayers,PRACTICETOOL,teambuilder-match-7784636753,232,15.17.706.7412,False,False,Yone,NONE,18,31065,6,3006;3153;6673;3031;3091;3032;3340,,,,61282,,0,0,0,36,15,0,0,False,False,0,,0,0,0,0,0,,0,0
KR_7784592144,GameComplete,CLASSIC,teambuilder-match-7784592144,1720,15.17.706.7412,True,False,Yone,MIDDLE,16,13010,28,6673;3153;1018;1037;3006;3364,,,,181227,,6627,16600,6627,30250,228,0,0,False,False,2,0,0,0,0,0,1,0.5,4,10
KR_7784577394,Abort_TooFewPlayers,PRACTICETOOL,teambuilder-match-7784577394,128,15.17.706.7412,False,False,Ambessa,NONE,18,30621,6,6692;3161;3047;6333;3071;6699;3340,,,,23829,,0,0,0,0,4,0,0,False,False,0,,0,0,0,0,0,,0,0
KR_7784564895,Abort_TooFewPlayers,PRACTICETOOL,teambuilder-match-7784564895,80,15.17.706.7412,False,False,Ambessa,NONE,6,500,2,1055;2003;3340,,,,6422,,0,0,0,0,0,0,0,False,False,0,,0,0,0,0,0,,0,0
KR_7784499494,GameComplete,CLASSIC,teambuilder-match-7784499494,1419,15.17.706.7412,True,False,Ambessa,MIDDLE,15,9492,26,3071;6692;3047;2019;1055;3364,,,,124145,,1932,3833,1932,20220,199,0,0,True,False,2,0,1,0,0,0,2,0.5,2,10
KR_7784436878,GameComplete,CLASSIC,teambuilder-match-7784436878,1008,15.17.706.7412,True,False,TwistedFate,NONE,12,9906,19,6657;3100;3086;3158;1056;1082;3340,,,,87094,,5110,5110,5110,9529,154,0,0,False,True,7,0,2,0,0,0,2,0.4,1,1
KR_7784367402,GameComplete,CHERRY,teambuilder-match-7784367402,1675,15.17.706.7412,True,False,Vex,TOP,18,24915,24,223146;223089;223124;4010;447101;223115;3348,,,,208528,,0,0,0,42163,2,0,0,False,False,15,1,1,0,0,0,2,0.23809523809523808,10,5
KR_7784223365,GameComplete,CHERRY,teambuilder-match-7784223365,1433,15.17.706.7412,True,False,Orianna,TOP,18,23850,23,223102;224629;444636;223135;224633;223089;3348,,,,155962,,0,0,0,35638,0,0,0,False,False,16,2,3,0,0,0,2,0.2823529411764706,3,8
KR_7783698666,GameComplete,CHERRY,teambuilder-match-7783698666,1501,15.17.706.7412,True,False,Corki,TOP,18,21610,16,447107;443069;443056;446691;443060;223031;3348,,,,298801,,0,0,0,75310,0,0,0,False,False,14,1,3,0,0,0,2,0.2564102564102564,12,6
KR_7783651134,Abort_TooFewPlayers,PRACTICETOOL,teambuilder-match-7783651134,552,15.17.706.7412,False,False,Lucian,NONE,18,21684,6,3508;3031;6675;3158;6672;3071;3340,,,,179551,,0,0,0,57,12,0,0,False,False,0,,0,0,0,0,0,,0,0
KR_7783590497,Abort_TooFewPlayers,PRACTICETOOL,teambuilder-match-7783590497,355,15.17.706.7412,False,False,Lucian,NONE,18,31664,7,3508;3031;6675;3158;6672;3071;3340,,,,247032,,0,0,0,166,36,0,0,False,False,0,,0,0,0,0,0,,0,0
KR_7781860650,GameComplete,CLASSIC,teambuilder-match-7781860650,911,15.16.706.7476,True,False,Galio,NONE,11,7949,16,4633;1082;3158;1056;6664;3340,,,,64399,,3369,5160,3369,8904,138,0,0,False,False,5,0,1,0,0,0,2,0.4117647058823529,0,2
KR_7781823958,GameComplete,CHERRY,teambuilder-match-7781823958,1503,15.16.706.7476,False,False,Ekko,JUNGLE,15,11000,6,443054;223111;443064;222504;222502;228020;3348,,,,89207,,0,0,0,32768,0,0,0,False,False,4,0,1,0,0,0,2,0.28125,6,5
KR_7781793126,GameComplete,CLASSIC,teambuilder-match-7781793126,1919,15.16.706.7476,True,False,Azir,MIDDLE,18,13535,26,3135;3115;2420;3175;1056;3116;3363,,,,167642,,4610,12944,4610,31822,206,0,0,True,False,6,0,2,0,0,0,2,0.6857142857142857,9,18
KR_7781711840,GameComplete,CLASSIC,teambuilder-match-7781711840,1466,15.16.706.7476,True,False,Ambessa,MIDDLE,15,10359,20,3047;3155;1028;3071;1054;6692;3340,,,,91445,,2307,2307,2307,23560,159,0,0,False,False,6,0,0,0,0,0,1,0.5,5,8
KR_7781665707,GameComplete,CLASSIC,teambuilder-match-7781665707,950,15.16.706.7476,False,False,Yone,NONE,9,5501,17,2031;3006;2055;3153;1054;3340,,,,45420,,1044,1044,1044,16067,92,0,0,False,False,3,0,0,0,0,0,1,0.8,8,1
KR_7781435602,GameComplete,CHERRY,teambuilder-match-7781435602,1551,15.16.706.7476,False,False,Nami,MIDDLE,15,9510,6,223157;223020;447105;224646;224645;223089;3348,,,,60720,,0,0,0,24905,1,0,0,False,False,5,1,1,0,0,0,2,0.25806451612903225,6,3
KR_7781381669,GameComplete,CHERRY,teambuilder-match-7781381669,1301,15.16.706.7476,True,False,Malphite,JUNGLE,18,16250,12,226665;443054;447122;223075;222502;223068;3348,,,,177394,,0,0,0,54969,0,0,0,False,False,8,3,0,0,0,0,1,0.20512820512820512,5,8
KR_7780382103,GameComplete,CLASSIC,teambuilder-match-7780382103,1745,15.16.706.7476,False,False,Azir,TOP,16,13372,23,2055;3116;2421;3175;3115;3135;3363,,,,175345,,5491,12181,5491,20025,247,0,0,False,False,6,1,1,1,0,0,3,0.6521739130434783,6,9
KR_7780330745,GameComplete,CHERRY,teambuilder-match-7780330745,1248,15.16.706.7476,False,False,Elise,JUNGLE,11,4274,3,2050;444637;4010;223020;3348,,,,19461,,0,0,0,16664,0,0,0,False,False,1,0,0,0,0,0,1,0.2,5,3
KR_7777078812,GameComplete,CLASSIC,teambuilder-match-7777078812,1845,15.16.706.7476,True,False,Viego,MIDDLE,17,13338,25,6610;3153;1037;3036;3111;3364,,,,163694,,3117,8416,3117,37641,239,0,0,False,False,5,0,1,0,0,0,2,0.5263157894736842,6,15
KR_7776968823,GameComplete,CLASSIC,teambuilder-match-7776968823,2023,15.16.706.7476,True,False,Aurora,TOP,18,15539,27,6653;3158;8010;3089;4645;1082;3363,,,,185046,,3729,5489,3729,33648,271,0,0,False,False,8,0,0,0,0,0,1,0.5675675675675675,5,13
KR_7776807199,GameComplete,CHERRY,teambuilder-match-7776807199,1602,15.16.706.7476,True,False,Maokai,TOP,18,18500,21,226665;443061;228001;223068;228020;223111;3348,,,,85378,,0,0,0,97459,0,0,0,False,False,6,1,0,0,0,0,1,0.27631578947368424,4,15
KR_7775962247,GameComplete,CHERRY,teambuilder-match-7775962247,1538,15.16.706.7476,True,False,Pantheon,BOTTOM,18,15961,12,226694;223047;447103;226610;447101;223153;3348,,,,123630,,0,0,0,50860,1,0,0,False,False,5,0,1,0,0,0,2,0.2597402597402597,6,15
KR_7775213491,GameComplete,CHERRY,teambuilder-match-7775213491,1394,15.16.704.6097,True,False,Fizz,TOP,17,13018,6,447104;223158;447113;224646;444637;224645;3348,,,,87671,,0,0,0,36739,0,0,0,True,False,10,1,2,0,0,0,2,0.19696969696969696,5,3
KR_7773625998,GameComplete,CLASSIC,teambuilder-match-7773625998,1797,15.16.704.6097,True,False,Azir,MIDDLE,17,13808,23,2055;3115;2421;3175;3165;3116;3363,,,,185922,,7667,16335,7667,26205,259,0,0,False,True,5,1,0,0,0,0,1,0.4117647058823529,5,9
KR_7773596438,GameComplete,CHERRY,teambuilder-match-7773596438,1602,15.16.704.6097,False,False,Riven,MIDDLE,14,9250,5,223177;226610;443064;223071;447111;226333;3348,,,,90870,,0,0,0,39002,0,0,0,False,False,6,0,0,0,0,0,1,0.23333333333333334,7,1
KR_7773556734,GameComplete,CHERRY,teambuilder-match-7773556734,1421,15.16.704.6097,True,False,LeeSin,BOTTOM,17,11000,9,226694;223111;446691;226701;226696;226695;3348,,,,203068,,0,0,0,42587,0,0,0,False,False,9,0,3,0,0,0,2,0.21311475409836064,6,4
KR_7773499923,GameComplete,CHERRY,teambuilder-match-7773499923,1477,15.16.704.6097,True,False,Sylas,TOP,18,23783,26,444637;447104;443056;223089;224633;4015;3348,,,,152482,,0,0,0,77075,0,0,0,False,False,12,3,3,0,0,0,2,0.25333333333333335,4,7
KR_7772743964,GameComplete,CHERRY,teambuilder-match-7772743964,1345,15.16.704.6097,True,False,Yasuo,BOTTOM,18,21700,22,223036;223006;223139;226673;443054;223031;3348,,,,241209,,0,0,0,67209,4,0,0,False,False,12,1,1,0,0,0,2,0.375,2,12
KR_7772272701,GameComplete,CLASSIC,teambuilder-match-7772272701,1468,15.16.704.6097,False,False,Corki,MIDDLE,14,10267,21,3042;3078;3111;1055;3086;3363,,,,133730,,2451,2756,2451,26278,190,0,0,False,False,3,1,0,0,0,0,1,0.5294117647058824,10,6
KR_7772228911,GameComplete,CLASSIC,teambuilder-match-7772228911,1547,15.16.704.6097,True,False,Ambessa,MIDDLE,15,11947,31,3071;6692;2021;1037;1054;3173;3364,,,,146180,,5014,10474,5014,21143,191,0,0,True,False,7,0,0,0,0,0,1,0.5172413793103449,2,8
KR_7772174912,GameComplete,CLASSIC,teambuilder-match-7772174912,1894,15.16.704.6097,False,False,Sylas,MIDDLE,18,13492,26,3152;4633;3157;1058;3171;3364,,,,216669,,2159,6855,2159,31906,310,0,0,False,False,3,1,0,0,0,0,1,0.30434782608695654,3,4
KR_7772134029,GameComplete,CHERRY,teambuilder-match-7772134029,1521,15.16.704.6097,True,False,Varus,TOP,18,21411,22,224403;223156;224401;223124;223153;223302;3348,,,,292955,,0,0,0,44556,0,0,0,False,False,7,3,1,0,0,0,2,0.25,7,10
KR_7772085755,GameComplete,CHERRY,teambuilder-match-7772085755,1773,15.16.704.6097,False,False,Rengar,MIDDLE,17,14103,19,443060;223111;2049;3348,,,,111581,,0,0,0,29088,0,0,0,False,False,5,1,0,0,0,0,1,0.21739130434782608,7,5
KR_7772047915,GameComplete,CHERRY,teambuilder-match-7772047915,1652,15.16.704.6097,False,False,Milio,MIDDLE,13,7000,5,223158;2049;447108;224646;226655;223089;3348,,,,40976,,0,0,0,16736,0,0,0,False,False,1,0,0,0,0,0,1,0.07894736842105263,7,2
KR_7770858728,GameComplete,CHERRY,teambuilder-match-7770858728,1466,15.16.704.6097,False,False,FiddleSticks,TOP,15,9550,8,443064;223135;228002;223020;2050;3330,,,,66835,,0,0,0,32459,1,0,0,False,False,6,0,0,0,0,0,1,0.27586206896551724,6,2
KR_7770816906,GameComplete,CLASSIC,teambuilder-match-7770816906,1621,15.16.704.6097,False,False,Yone,MIDDLE,15,11019,21,3153;3006;6670;6673;1054;1028;3364,,,,154664,,491,3234,491,30852,217,0,0,False,False,2,2,0,0,0,0,1,0.5,4,3
KR_7770759050,GameComplete,CLASSIC,teambuilder-match-7770759050,2078,15.16.704.6097,True,False,Ambessa,MIDDLE,18,15865,31,6692;3047;3071;3161;6333;3364,,,,215815,,8223,21365,8223,40525,234,0,1,False,False,7,1,1,0,0,0,2,0.48936170212765956,7,16
KR_7770693785,GameComplete,CLASSIC,teambuilder-match-7770693785,1567,15.16.704.6097,False,False,Ambessa,MIDDLE,13,8784,26,3071;6692;1028;1001;1054;1028;3340,,,,82903,,1186,2516,1186,24845,168,0,0,False,False,2,0,0,0,0,0,1,0.5882352941176471,5,8
KR_7770608442,GameComplete,CLASSIC,teambuilder-match-7770608442,2229,15.16.704.6097,True,False,Yasuo,MIDDLE,18,15064,24,3031;3153;3140;1057;6673;3172;3364,,,,252663,,3907,35795,3907,38169,244,0,0,False,False,6,3,0,0,0,0,1,0.2727272727272727,7,6
KR_7769808347,GameComplete,CHERRY,teambuilder-match-7769808347,1413,15.16.704.6097,True,False,Irelia,BOTTOM,18,25450,21,447114;447112;447116;443059;447103;223153;3348,,,,120629,,0,0,0,36696,0,0,0,False,False,14,0,2,0,0,0,2,0.3194444444444444,3,9
KR_7769387063,GameComplete,CLASSIC,teambuilder-match-7769387063,1549,15.16.704.6097,False,False,Zed,JUNGLE,13,8938,28,3071;6692;1028;3158;3364,,,,173805,,0,5860,0,26514,11,0,0,False,False,3,1,0,0,0,0,1,0.5882352941176471,4,7
KR_7769355024,GameComplete,CLASSIC,teambuilder-match-7769355024,911,15.16.704.6097,False,False,Akshan,NONE,9,4168,13,2031;1053;1037;1001;1055;1043;3340,,,,34882,,12,12,12,12805,97,0,0,False,False,0,0,0,0,0,0,0,0.125,6,1
KR_7769309611,GameComplete,CLASSIC,teambuilder-match-7769309611,1864,15.16.704.6097,False,False,Qiyana,JUNGLE,16,13264,30,3134;6694;3142;6701;3158;2021;3364,,,,241465,,0,13038,0,38169,24,0,1,False,False,9,0,0,0,0,0,1,0.59375,6,10
KR_7769254689,GameComplete,CLASSIC,teambuilder-match-7769254689,2221,15.16.704.6097,False,False,Akali,MIDDLE,18,15920,27,3152;2055;3157;4645;3135;3020;3364,,,,215625,,3540,4629,3540,38037,305,0,0,False,False,7,3,0,0,0,0,1,0.44,7,4
KR_7769196486,GameComplete,CLASSIC,teambuilder-match-7769196486,1404,15.16.704.6097,True,False,TwistedFate,MIDDLE,18,18251,24,6657;3171;3157;3100;3137;3094;3363,,,,173908,,11549,11991,11549,17523,226,0,0,False,True,13,4,2,2,0,0,3,0.6363636363636364,2,8
KR_7768846568,GameComplete,CLASSIC,teambuilder-match-7768846568,2940,15.16.704.6097,False,False,Zed,JUNGLE,18,19627,33,3071;6333;2501;3053;3158;3161;3364,,,,491166,,148,22415,148,84391,14,2,2,False,False,9,0,0,0,0,0,1,0.5714285714285714,13,15
KR_7768756827,GameComplete,CLASSIC,teambuilder-match-7768756827,1308,15.16.704.6097,True,False,Zed,JUNGLE,14,11455,21,3161;6692;3171;3071;1036;1036;3364,,,,195405,,650,26043,650,19124,33,0,2,False,False,12,1,2,0,0,0,2,0.59375,1,7
KR_7768667208,GameComplete,CHERRY,teambuilder-match-7768667208,1377,15.16.704.6097,True,False,Volibear,TOP,18,17255,23,443063;2050;3348,,,,107654,,0,0,0,39992,0,0,0,False,False,3,0,0,0,0,0,1,0.22388059701492538,8,12
KR_7761913584,GameComplete,CLASSIC,teambuilder-match-7761913584,937,15.16.704.3186,True,False,Galio,NONE,11,5837,14,2031;3111;1028;2022;1056;3211;3340,,,,57169,,669,669,669,9701,132,0,0,False,False,0,0,0,0,0,0,0,0.4,1,6
KR_7761837683,GameComplete,CLASSIC,teambuilder-match-7761837683,1598,15.16.704.3186,True,False,Taliyah,MIDDLE,16,12998,18,1026;3040;3157;1082;4630;3175;3363,,,,138480,,3513,6683,3513,16646,197,0,0,False,False,10,2,2,0,0,0,2,0.5588235294117647,6,9
KR_7761630871,GameComplete,CLASSIC,teambuilder-match-7761630871,1784,15.16.704.3186,False,False,Azir,MIDDLE,16,12755,23,3115;3173;3157;3116;1056;1082;3363,,,,164837,,5283,5628,5283,27930,217,0,0,False,True,6,2,0,0,0,0,1,0.4166666666666667,7,9
KR_7761347007,GameComplete,CHERRY,teambuilder-match-7761347007,1567,15.16.704.3186,True,False,Hwei,TOP,17,10835,8,226655;223020;447108;4010;224629;223089;3348,,,,166771,,0,0,0,20879,1,0,0,False,False,9,2,1,0,0,0,2,0.17333333333333334,6,4
KR_7760768399,GameComplete,CHERRY,teambuilder-match-7760768399,1431,15.16.704.3186,True,False,Ahri,TOP,18,21250,20,446656;223089;223157;224645;223135;3430;3348,,,,216928,,0,0,0,39217,0,0,0,True,False,16,4,0,0,0,0,1,0.2972972972972973,6,6
KR_7760137114,GameComplete,CLASSIC,teambuilder-match-7760137114,1699,15.16.702.7993,True,False,Diana,MIDDLE,17,12709,22,3152;4633;3157;3020;1052;1082;3340,,,,154233,,4697,8238,4697,21737,207,0,0,False,False,5,2,0,0,0,0,1,0.42105263157894735,6,11
KR_7760088661,GameComplete,CHERRY,teambuilder-match-7760088661,1482,15.16.702.7993,True,False,Pyke,TOP,17,14705,13,226693;226694;223005;4017;223814;226701;3348,,,,89073,,0,0,0,30224,0,0,0,False,False,6,0,0,0,0,0,1,0.21621621621621623,6,10
KR_7760034705,GameComplete,CHERRY,teambuilder-match-7760034705,1568,15.16.702.7993,True,False,Kennen,BOTTOM,18,21750,22,223146;223137;447121;223124;223115;223089;3348,,,,251717,,0,0,0,50465,4,0,0,False,False,9,1,1,0,0,0,2,0.189873417721519,9,6
KR_7758657832,GameComplete,CLASSIC,teambuilder-match-7758657832,2032,15.15.701.6241,False,False,Galio,MIDDLE,17,13445,26,3152;4633;2420;3175;1056;4645;3364,,,,193166,,4924,4924,4924,34872,265,0,0,False,False,5,1,0,0,0,0,1,0.6,5,10
KR_7758633074,GameComplete,CLASSIC,teambuilder-match-7758633074,1833,15.15.701.6241,True,False,Galio,MIDDLE,17,12615,23,1058;1082;2420;3158;6664;4633;3364,,,,157530,,3320,4501,3320,29535,248,0,0,False,False,3,1,0,0,0,0,1,0.5555555555555556,4,12
KR_7758558648,GameComplete,CLASSIC,teambuilder-match-7758558648,1267,15.15.701.6241,True,False,Orianna,MIDDLE,14,9301,22,6655;3171;2055;8010;1056;1082;3363,,,,103472,,1415,1415,1415,13182,190,0,0,False,False,4,1,0,0,0,0,1,0.5454545454545454,1,8
KR_7758453111,GameComplete,CLASSIC,teambuilder-match-7758453111,1635,15.15.701.6241,True,False,Annie,MIDDLE,16,11218,20,8010;3118;1026;1082;1011;3158;3363,,,,118533,,3384,5268,3384,16862,186,0,0,False,False,4,0,0,0,0,0,1,0.6153846153846154,5,12
KR_7758370618,GameComplete,CHERRY,teambuilder-match-7758370618,1647,15.15.701.6241,False,False,Khazix,MIDDLE,16,11871,8,223161;223156;447101;223071;447111;223026;3348,,,,125013,,0,0,0,33336,0,0,0,False,False,8,1,1,0,0,0,2,0.21951219512195122,6,1
KR_7758319735,GameComplete,CHERRY,teambuilder-match-7758319735,1438,15.15.701.6241,True,False,Lux,TOP,16,10300,6,4016;223020;447105;224628;3430;226616;3348,,,,61044,,0,0,0,23335,1,0,0,False,False,4,0,0,0,0,0,1,0.13846153846153847,5,5
KR_7758024414,GameComplete,CLASSIC,teambuilder-match-7758024414,949,15.15.701.6241,True,False,Ambessa,NONE,11,5787,13,2031;6692;2055;1028;1054;1001;3340,,,,55785,,0,0,0,10953,127,0,0,False,False,1,0,0,0,0,0,1,0.25,0,3
KR_7757913084,GameComplete,CLASSIC,teambuilder-match-7757913084,1422,15.15.701.6241,True,False,Akali,MIDDLE,16,13625,17,3152;4630;3157;3100;1026;3111;3364,,,,132071,,4858,5032,4858,23658,207,0,0,False,False,12,2,2,0,0,0,2,0.6666666666666666,0,10
KR_7756981029,GameComplete,CHERRY,teambuilder-match-7756981029,1686,15.15.701.6241,False,False,Kassadin,MIDDLE,12,5750,7,447104;3348,,,,11729,,0,0,0,14065,0,0,0,False,False,0,0,0,0,0,0,0,0,6,0
KR_7756905702,GameComplete,CLASSIC,teambuilder-match-7756905702,2065,15.15.701.6241,False,False,Kennen,TOP,17,13986,26,3152;4645;2055;3135;1058;3020;3364,,,,157945,,2975,2975,2975,29986,244,0,0,False,False,6,1,1,0,0,0,2,0.44,7,5
KR_7756849992,GameComplete,CLASSIC,teambuilder-match-7756849992,1929,15.15.701.6241,True,False,Azir,MIDDLE,18,17342,28,1058;3175;3157;6653;3135;3115;3363,,,,230514,,12075,34921,12075,18866,269,1,0,True,False,11,1,0,0,0,0,1,0.7142857142857143,5,9
KR_7756813199,GameComplete,CHERRY,teambuilder-match-7756813199,1211,15.15.701.6241,True,False,Kayn,TOP,17,10260,6,223111;223161;447115;226692;223053;223071;3348,,,,68229,,0,0,0,59418,0,0,0,False,False,8,2,1,0,0,0,2,0.15625,6,2
KR_7756769875,GameComplete,CHERRY,teambuilder-match-7756769875,1465,15.15.701.6241,False,False,Mordekaiser,TOP,14,8250,5,223020;2050;447110;223102;224633;4010;3348,,,,86681,,0,0,0,32709,0,0,0,False,False,3,1,0,0,0,0,1,0.10256410256410256,13,1
KR_7756708881,GameComplete,CLASSIC,teambuilder-match-7756708881,1394,15.15.701.6241,True,False,TwistedFate,MIDDLE,16,13418,27,3100;6657;2421;3094;1056;3171;3363,,,,133241,,5924,5924,5924,20031,204,0,0,False,True,8,1,0,0,0,0,1,0.6,3,10
KR_7756404388,GameComplete,CHERRY,teambuilder-match-7756404388,1641,15.15.701.6241,True,False,LeeSin,BOTTOM,16,11025,9,223161;447112;226610;223071;223053;223158;3348,,,,72507,,0,0,0,39432,1,0,0,False,False,4,0,0,0,0,0,1,0.14473684210526316,4,7
KR_7755234865,GameComplete,CLASSIC,teambuilder-match-7755234865,1742,15.15.701.6241,True,False,Taliyah,MIDDLE,17,13891,29,3171;3157;3041;3040;8010;3363,,,,175834,,4929,5831,4929,25203,208,0,0,False,False,7,0,1,0,0,0,2,0.5454545454545454,6,17
KR_7755183143,GameComplete,CLASSIC,teambuilder-match-7755183143,1906,15.15.701.6241,True,False,Ambessa,MIDDLE,18,20209,29,6692;3071;6333;3026;3111;3161;3340,,,,220287,,11715,14121,11715,34660,233,0,0,False,False,15,2,3,2,0,0,3,0.875,3,6
KR_7755103975,GameComplete,CLASSIC,teambuilder-match-7755103975,998,15.15.701.6241,True,False,Ryze,NONE,12,8267,18,3040;3171;6657;1052;1056;3363,,,,92336,,1730,2783,1730,12918,134,0,0,False,False,9,3,0,0,0,0,1,0.41935483870967744,2,4
KR_7755034842,GameComplete,CLASSIC,teambuilder-match-7755034842,1459,15.15.701.6241,False,False,Vi,JUNGLE,12,7634,21,6610;3078;2422;3364,,,,161803,,755,4464,755,29706,12,0,0,False,False,1,0,0,0,0,0,1,0.3,11,5
KR_7754697599,GameComplete,CHERRY,teambuilder-match-7754697599,1574,15.15.701.6241,False,False,Alistar,MIDDLE,18,17507,9,444637;447109;228001;222504;4010;443056;3348,,,,49388,,0,0,0,52643,0,0,0,True,False,6,0,2,0,0,0,2,0.46153846153846156,5,6
KR_7753951875,GameComplete,CHERRY,teambuilder-match-7753951875,1294,15.15.701.6241,False,False,Smolder,BOTTOM,12,6020,8,447122;3348,,,,14544,,0,0,0,16545,2,0,0,False,False,0,0,0,0,0,0,0,0.029411764705882353,6,1
KR_7753884972,GameComplete,CLASSIC,teambuilder-match-7753884972,1446,15.15.701.6241,True,False,Diana,MIDDLE,15,10970,20,3152;1058;2421;1082;1001;3100;3364,,,,145325,,9293,16881,9293,18920,209,0,0,False,False,4,0,0,0,0,0,1,0.45454545454545453,4,6
KR_7751167276,GameComplete,CLASSIC,teambuilder-match-7751167276,1310,15.15.701.6241,False,False,MonkeyKing,JUNGLE,10,7694,20,1102;3078;2055;6610;1001;3364,,,,117653,,0,6322,0,28009,6,0,1,False,False,5,1,0,0,0,0,1,0.7777777777777778,7,2
KR_7751106598,GameComplete,CLASSIC,teambuilder-match-7751106598,1624,15.15.701.6241,False,False,Galio,MIDDLE,14,9326,22,3152;1082;4633;1056;3111;3364,,,,118390,,1126,1356,1126,29100,204,0,0,False,False,0,0,0,0,0,0,0,0.5333333333333333,7,8
KR_7750967746,GameComplete,CLASSIC,teambuilder-match-7750967746,1852,15.15.701.6241,False,False,Diana,MIDDLE,18,16932,27,3152;3100;3157;3111;3089;4630;3364,,,,216111,,10254,15255,10254,20761,255,0,0,False,True,10,6,0,0,0,0,1,0.6363636363636364,4,4
KR_7750883936,GameComplete,CLASSIC,teambuilder-match-7750883936,958,15.15.701.6241,True,False,Diana,NONE,11,6558,18,3152;2055;2420;1082;1056;3020;3364,,,,76422,,455,455,455,8298,144,0,0,False,False,3,0,0,0,0,0,1,0.25,2,1
KR_7750493529,GameComplete,CHERRY,teambuilder-match-7750493529,1519,15.15.701.6241,True,False,XinZhao,BOTTOM,18,25291,29,443054;223111;223156;223124;3348,,,,82080,,0,0,0,60999,1,0,0,False,False,11,0,0,0,0,0,1,0.2692307692307692,4,10
KR_7748270093,GameComplete,CHERRY,teambuilder-match-7748270093,1550,15.15.701.6241,False,False,Ambessa,JUNGLE,16,10918,7,447111;223111;447112;226692;446691;223053;3348,,,,64737,,0,0,0,31866,1,0,0,False,False,6,2,0,0,0,0,1,0.3023255813953488,6,7
KR_7747667568,GameComplete,CLASSIC,teambuilder-match-7747667568,1576,15.15.701.6241,False,False,Trundle,JUNGLE,13,9988,20,3078;3065;1031;3111;1028;3364,,,,185301,,1397,10110,1397,42909,13,0,0,False,False,4,0,0,0,0,0,1,0.5714285714285714,5,8
KR_7747621306,GameComplete,CLASSIC,teambuilder-match-7747621306,1335,15.15.701.6241,False,False,Trundle,JUNGLE,11,6796,17,3078;2422;1031;1028;1102;3066;3364,,,,102937,,286,2568,286,29960,12,0,0,True,False,1,0,0,0,0,0,1,0.9090909090909091,8,9
KR_7747547817,GameComplete,CLASSIC,teambuilder-match-7747547817,1548,15.15.701.6241,True,False,Annie,MIDDLE,16,10348,24,8010;3118;3020;3147;3108;1082;3364,,,,108144,,1225,1549,1225,12950,215,0,0,False,False,4,0,0,0,0,0,1,0.625,2,11
KR_7747428964,GameComplete,CLASSIC,teambuilder-match-7747428964,1514,15.15.701.6241,True,False,Sylas,MIDDLE,16,13159,18,3152;4629;2421;1082;1056;3171;3364,,,,152451,,8466,8466,8466,24869,242,0,0,True,False,7,1,0,0,0,0,1,0.6551724137931034,4,12
KR_7747215040,GameComplete,CLASSIC,teambuilder-match-7747215040,1065,15.15.701.6241,True,False,Annie,NONE,12,7537,16,3147;3118;3108;1082;1056;3158;3364,,,,69235,,2844,2844,2844,7883,150,0,0,False,True,3,1,0,0,0,0,1,0.75,1,6
KR_7745939077,GameComplete,CLASSIC,teambuilder-match-7745939077,1350,15.15.701.6241,True,False,Sylas,MIDDLE,15,11232,22,3152;3147;3171;3108;1056;3041;3340,,,,101607,,4612,4667,4612,27186,175,0,0,False,True,10,1,2,0,0,0,2,0.4594594594594595,2,7
KR_7745874558,GameComplete,CLASSIC,teambuilder-match-7745874558,1606,15.15.701.6241,False,False,Yone,TOP,15,10274,23,3153;6673;3006;3123;1036;3364,,,,160846,,801,3373,801,27755,231,0,0,False,False,2,0,0,0,0,0,1,0.38461538461538464,5,8
KR_7745796082,GameComplete,CLASSIC,teambuilder-match-7745796082,1738,15.15.701.6241,False,False,Yone,MIDDLE,14,10915,19,3153;3006;1036;6673;1018;3123;3364,,,,139787,,4448,8395,4448,36586,207,0,0,False,True,3,0,0,0,0,0,1,0.4117647058823529,10,4
KR_7745715235,GameComplete,CLASSIC,teambuilder-match-7745715235,1662,15.15.701.6241,True,False,Galio,MIDDLE,16,10537,20,4633;3173;2055;6664;1056;1082;3364,,,,118356,,6336,6665,6336,27518,177,0,0,False,False,1,1,0,0,0,0,1,0.32075471698113206,5,16
KR_7745377154,GameComplete,CHERRY,teambuilder-match-7745377154,1282,15.15.701.6241,False,False,Elise,MIDDLE,14,8267,5,447104;223020;223157;226653;221058;223135;3348,,,,43819,,0,0,0,20309,0,0,0,False,False,3,0,1,0,0,0,2,0.12903225806451613,6,1
KR_7744815327,GameComplete,CHERRY,teambuilder-match-7744815327,1379,15.15.701.6241,False,False,Xayah,JUNGLE,16,13323,10,446671;223036;223139;223156;223508;223153;3348,,,,114958,,0,0,0,39655,2,0,0,False,False,7,2,0,0,0,0,1,0.3409090909090909,4,8
KR_7744168266,GameComplete,CHERRY,teambuilder-match-7744168266,1694,15.15.699.7589,False,False,Khazix,BOTTOM,13,7004,10,223185;223111;224004;446691;223156;3348,,,,67343,,0,0,0,18402,0,0,0,False,False,5,1,1,0,0,0,2,0.24,5,1
KR_7744097941,GameComplete,CLASSIC,teambuilder-match-7744097941,1568,15.15.699.7589,False,False,Taliyah,MIDDLE,14,10284,20,3158;3040;1058;1056;3135;3363,,,,130659,,1913,1913,1913,14443,183,0,0,False,False,6,2,0,0,0,0,1,0.5,5,4
KR_7744020597,GameComplete,CLASSIC,teambuilder-match-7744020597,1757,15.15.699.7589,True,False,TwistedFate,MIDDLE,18,18855,28,3100;3020;3157;3094;3135;3089;3363,,,,201574,,15368,22158,15368,22901,248,0,0,False,True,13,0,0,0,0,0,1,0.6666666666666666,2,7
KR_7743920245,GameComplete,CHERRY,teambuilder-match-7743920245,1369,15.15.699.7589,True,False,Alistar,BOTTOM,18,20288,16,226665;443061;223157;223068;223039;447109;3348,,,,69346,,0,0,0,70948,0,0,0,False,False,5,1,0,0,0,0,1,0.29411764705882354,8,15
KR_7740048787,GameComplete,CHERRY,teambuilder-match-7740048787,1467,15.15.699.7589,False,False,Vayne,MIDDLE,15,13510,6,226672;223153;443090;223036;443081;223026;3348,,,,49446,,0,0,0,26794,0,0,0,False,False,5,1,0,0,0,0,1,0.38461538461538464,7,5
KR_7739287085,GameComplete,CHERRY,teambuilder-match-7739287085,1313,15.15.699.7589,False,False,Nautilus,JUNGLE,16,11500,7,223110;4010;447110;4016;223115;224633;3348,,,,61698,,0,0,0,30721,0,0,0,False,False,6,1,1,0,0,0,2,0.3111111111111111,5,8
KR_7739222770,GameComplete,CHERRY,teambuilder-match-7739222770,1573,15.15.699.7589,True,False,AurelionSol,BOTTOM,18,24801,21,223116;223135;447101;447112;444644;223089;3348,,,,95232,,0,0,0,36946,0,0,0,False,False,9,2,1,0,0,0,2,0.1917808219178082,6,5
KR_7737838205,GameComplete,CLASSIC,teambuilder-match-7737838205,1418,15.15.699.7589,False,False,Annie,MIDDLE,14,8445,20,3118;3158;2055;1082;1056;8010;3363,,,,105880,,2100,3246,2100,14251,206,0,0,False,False,1,1,0,0,0,0,1,0.25,3,2
KR_7737528537,GameComplete,CLASSIC,teambuilder-match-7737528537,1507,15.15.699.7589,False,False,Annie,MIDDLE,14,8817,20,8010;3158;3118;1056;1082;3363,,,,83370,,18,18,18,17540,177,0,0,False,False,2,1,0,0,0,0,1,0.35714285714285715,8,3
KR_7736870648,GameComplete,CHERRY,teambuilder-match-7736870648,1820,15.15.699.7589,True,False,XinZhao,JUNGLE,18,20290,15,447114;226665;447103;224633;447111;447110;3348,,,,157157,,0,0,0,130537,3,0,0,False,False,12,3,3,0,0,0,2,0.16,6,4
KR_7736821282,GameComplete,CHERRY,teambuilder-match-7736821282,1438,15.15.699.7589,True,False,Graves,BOTTOM,18,15268,14,443064;223072;223139;223031;223036;226673;3348,,,,144440,,0,0,0,40998,0,0,0,True,False,7,1,1,0,0,0,2,0.203125,8,6
KR_7736263579,GameComplete,CLASSIC,teambuilder-match-7736263579,967,15.15.699.7589,False,False,Sivir,NONE,10,5404,10,3032;3006;1018;1055;3340,,,,60178,,1327,1327,1327,9248,142,0,0,False,False,0,0,0,0,0,0,0,0,4,0
KR_7736226069,GameComplete,CLASSIC,teambuilder-match-7736226069,1573,15.15.699.7589,False,False,Trundle,JUNGLE,12,8370,26,3078;3111;3065;3513,,,,136151,,115,8701,115,32469,11,0,0,False,False,3,1,0,0,0,0,1,0.6666666666666666,6,7
KR_7735685374,GameComplete,CHERRY,teambuilder-match-7735685374,1399,15.15.699.7589,False,False,Leona,MIDDLE,15,11500,7,228001;223121;447122;226665;222502;223068;3348,,,,29226,,0,0,0,29852,0,0,0,False,False,2,0,0,0,0,0,1,0.5263157894736842,6,8
KR_7735610191,GameComplete,CHERRY,teambuilder-match-7735610191,1509,15.15.699.7589,True,False,Ashe,BOTTOM,18,20421,19,223031;223033;447120;223032;223094;223072;3348,,,,157442,,0,0,0,47683,1,0,0,False,False,15,0,3,0,0,0,2,0.2972972972972973,15,7
KR_7733355998,GameComplete,CHERRY,teambuilder-match-7733355998,1405,15.15.699.7589,False,False,Zeri,MIDDLE,16,12800,8,223072;226673;443069;223031;223036;223026;3348,,,,64083,,0,0,0,30544,0,0,0,False,False,10,0,3,0,0,0,2,0.2558139534883721,5,1
KR_7732888497,GameComplete,CHERRY,teambuilder-match-7732888497,1453,15.14.697.2104,True,False,Braum,TOP,18,24820,27,224403;223068;228001;224401;443054;226665;3348,,,,127724,,0,0,0,69934,3,0,0,False,False,15,7,3,0,0,0,2,0.2987012987012987,5,8
KR_7732832587,GameComplete,CLASSIC,teambuilder-match-7732832587,2045,15.14.697.2104,False,False,Azir,MIDDLE,18,14548,30,2055;3115;3157;4645;3020;3116;3363,,,,230026,,2460,24397,2460,29760,291,0,0,False,False,4,1,0,0,0,0,1,0.5185185185185185,7,10
KR_7732603639,GameComplete,CLASSIC,teambuilder-match-7732603639,1806,15.14.697.2104,False,False,Vi,JUNGLE,15,11624,26,3071;6610;6333;3047;3364,,,,235243,,63,12945,63,37273,10,0,0,False,False,5,1,0,0,0,0,1,0.6190476190476191,6,8
KR_7732513761,GameComplete,CLASSIC,teambuilder-match-7732513761,1452,15.14.697.2104,True,False,Azir,MIDDLE,16,12696,25,3115;3157;6653;1056;3020;3363,,,,154403,,7673,15785,7673,16435,227,0,0,False,False,6,1,1,0,0,0,2,0.6666666666666666,2,10
KR_7732473216,GameComplete,CHERRY,teambuilder-match-7732473216,1575,15.14.697.2104,False,False,Braum,JUNGLE,15,9265,6,223111;223190;447122;223109;223110;228020;3348,,,,19563,,0,0,0,45809,0,0,0,False,False,1,0,0,0,0,0,1,0.1,7,3
KR_7732438091,GameComplete,CHERRY,teambuilder-match-7732438091,1420,15.14.697.2104,True,False,Darius,BOTTOM,18,15000,8,446671;223039;226333;226609;447107;447111;3348,,,,61350,,0,0,0,51275,0,0,0,False,False,6,1,0,0,0,0,1,0.20253164556962025,7,10
KR_7732407778,GameComplete,CHERRY,teambuilder-match-7732407778,1532,15.14.697.2104,False,False,Sejuani,MIDDLE,14,10528,5,228001;223068;447122;2050;447110;222504;3348,,,,61412,,0,0,0,33597,1,0,0,False,False,6,0,0,0,0,0,1,0.2222222222222222,6,2
KR_7731755241,GameComplete,CLASSIC,teambuilder-match-7731755241,932,15.14.697.2104,True,False,Yone,NONE,12,6750,10,3153;3006;1036;1054;3340,,,,75587,,2351,2351,2351,9919,154,0,0,False,False,3,2,0,0,0,0,1,0.19047619047619047,0,1
KR_7731666958,GameComplete,CHERRY,teambuilder-match-7731666958,1684,15.14.697.2104,True,False,Seraphine,BOTTOM,18,17501,24,223137;223003;447108;223089;223100;223102;3348,,,,76113,,0,0,0,36313,0,0,0,False,False,10,1,0,0,0,0,1,0.20512820512820512,10,6
KR_7726056846,GameComplete,CHERRY,teambuilder-match-7726056846,1433,15.14.697.2104,False,False,Blitzcrank,JUNGLE,15,11250,16,223137;223158;447109;223089;3430;224645;3348,,,,64458,,0,0,0,24295,0,0,0,False,False,6,0,2,0,0,0,2,0.3103448275862069,7,3
KR_7726019664,GameComplete,CHERRY,teambuilder-match-7726019664,1629,15.14.697.2104,True,False,Renata,BOTTOM,18,26965,27,223124;223302;443090;223153;4011;223085;3348,,,,163915,,0,0,0,94319,1,0,0,False,False,16,1,3,0,0,0,2,0.3103448275862069,9,11
KR_7725990680,GameComplete,CHERRY,teambuilder-match-7725990680,1489,15.14.697.2104,True,False,KSante,BOTTOM,18,15512,12,226665;446667;443058;223084;226662;223068;3348,,,,82794,,0,0,0,58308,0,0,0,False,False,7,0,0,0,0,0,1,0.21621621621621623,4,9
KR_7725962897,GameComplete,CHERRY,teambuilder-match-7725962897,1350,15.14.697.2104,False,False,Illaoi,TOP,14,7094,5,223039;223047;447110;447111;223053;3348,,,,53397,,0,0,0,31837,2,0,0,False,False,2,0,0,0,0,0,1,0.18421052631578946,8,5
KR_7693461443,GameComplete,CHERRY,teambuilder-match-7693461443,1405,15.13.693.1306,True,False,LeeSin,TOP,17,11025,6,447111;223047;446632;226692;223161;223071;3348,,,,72809,,0,0,0,58853,1,0,0,False,False,11,1,1,0,0,0,2,0.2191780821917808,6,5
KR_7692882864,GameComplete,CHERRY,teambuilder-match-7692882864,1509,15.13.692.4165,True,False,Azir,BOTTOM,18,21493,20,444644;443062;4016;223089;223115;223135;3348,,,,101308,,0,0,0,42977,0,0,0,False,False,11,0,2,0,0,0,2,0.2676056338028169,5,8
KR_7692849101,GameComplete,CHERRY,teambuilder-match-7692849101,1570,15.13.692.4165,True,False,Twitch,BOTTOM,18,31510,34,224403;222504;447123;223302;223124;443090;3348,,,,151337,,0,0,0,54804,0,0,0,True,False,16,4,4,0,0,0,2,0.2765957446808511,14,10
KR_7692374323,GameComplete,CHERRY,teambuilder-match-7692374323,1356,15.13.691.9951,False,False,Vex,TOP,15,11006,6,223020;447113;444644;223135;223089;223102;3348,,,,58572,,0,0,0,25337,0,0,0,False,False,10,2,1,0,0,0,2,0.3076923076923077,7,2
KR_7692323893,GameComplete,CLASSIC,teambuilder-match-7692323893,1307,15.13.691.9951,True,False,Aurora,MIDDLE,15,10277,22,4645;4646;3020;1056;1082;3363,,,,113218,,5658,5658,5658,13672,189,0,0,False,False,4,2,0,0,0,0,1,0.25,1,3
KR_7692285452,GameComplete,CLASSIC,teambuilder-match-7692285452,1851,15.13.691.9951,True,False,Taliyah,MIDDLE,18,15633,24,1082;3171;3157;3040;3135;3102;3364,,,,184145,,5448,5448,5448,25740,225,0,0,False,False,8,0,2,0,0,0,2,0.6666666666666666,5,16
KR_7692227012,GameComplete,CHERRY,teambuilder-match-7692227012,1592,15.13.691.9951,True,False,Katarina,BOTTOM,18,20000,20,223089;223115;447113;224645;224633;223135;3348,,,,204402,,0,0,0,44274,0,0,0,False,False,11,2,3,0,0,0,2,0.1686746987951807,6,3
KR_7692191683,GameComplete,CHERRY,teambuilder-match-7692191683,1384,15.13.691.9951,False,False,Veigar,BOTTOM,17,12500,10,223135;223158;447104;223089;226657;224645;3348,,,,61318,,0,0,0,25484,0,0,0,False,False,6,3,0,0,0,0,1,0.1891891891891892,9,1
KR_7679934628,GameComplete,CLASSIC,teambuilder-match-7679934628,2060,15.12.688.6522,True,False,LeeSin,JUNGLE,18,16636,30,6692;6610;3053;6333;3111;3340,,,,312354,,0,23061,0,50669,24,0,2,False,False,13,1,2,0,0,0,2,0.7560975609756098,4,18
KR_7678550579,GameComplete,CLASSIC,teambuilder-match-7678550579,967,15.12.688.6522,True,False,Taliyah,NONE,11,6511,17,3040;3158;2055;1052;1056;4630;3363,,,,68794,,1117,1117,1117,5686,140,0,0,False,False,4,0,0,0,0,0,1,0.5,0,3
KR_7678490897,GameComplete,CLASSIC,teambuilder-match-7678490897,1710,15.12.688.6522,False,False,Ryze,MIDDLE,17,14095,24,6657;3040;1058;3135;1056;3158;3340,,,,222763,,3089,5396,3089,26099,243,0,0,False,False,7,2,1,0,0,0,2,0.8235294117647058,4,7
KR_7678436991,GameComplete,CLASSIC,teambuilder-match-7678436991,1392,15.12.688.6522,False,False,Galio,MIDDLE,13,7918,24,6664;3111;3147;1082;1056;3108;3340,,,,111422,,1267,1571,1267,16188,190,0,0,True,False,1,0,0,0,0,0,1,0.26666666666666666,3,3
KR_7676305418,GameComplete,CLASSIC,teambuilder-match-7676305418,2287,15.12.688.6522,True,False,Taliyah,MIDDLE,18,19518,30,3171;3040;3089;3135;3102;6653;3363,,,,281697,,5738,12036,5738,30450,263,0,0,False,False,9,0,1,0,0,0,2,0.6842105263157895,8,17
KR_7676281036,GameComplete,CLASSIC,teambuilder-match-7676281036,1328,15.12.688.6522,False,False,Taliyah,TOP,14,12555,25,3040;3165;3089;3158;4630;1082;3363,,,,123236,,3266,8170,3266,19221,183,0,0,False,False,8,2,1,0,0,0,2,0.4444444444444444,6,0
KR_7676244317,GameComplete,CLASSIC,teambuilder-match-7676244317,1826,15.12.688.6522,False,False,Irelia,TOP,16,12050,28,3181;3153;6333;1055;3111;3364,,,,162460,,3058,5120,3058,37031,238,0,0,False,False,4,1,0,0,0,0,1,0.22857142857142856,11,4
KR_7676173656,GameComplete,CLASSIC,teambuilder-match-7676173656,2212,15.12.688.6522,True,False,Irelia,MIDDLE,18,16591,28,3153;3091;6333;3181;3111;3364,,,,258113,,8249,28143,8249,49136,279,0,0,False,True,8,0,2,1,0,0,3,0.37209302325581395,7,8
KR_7676018989,GameComplete,CLASSIC,teambuilder-match-7676018989,1592,15.12.688.6522,False,False,Yone,MIDDLE,14,11023,27,6631;3006;2055;3153;6670;1037;3364,,,,110853,,1128,1338,1128,30958,172,0,0,False,False,6,1,0,0,0,0,1,0.36,7,3
KR_7675918108,GameComplete,CLASSIC,teambuilder-match-7675918108,1792,15.12.688.2594,True,False,TwistedFate,MIDDLE,18,15878,25,3100;6657;3157;3094;3020;1058;3363,,,,172699,,6620,9732,6620,27280,232,0,1,True,False,6,0,0,0,0,0,1,0.6896551724137931,6,14
KR_7675867466,GameComplete,CLASSIC,teambuilder-match-7675867466,995,15.12.688.2594,False,False,Diana,NONE,10,5408,15,3152;2031;1001;1056;3145;3364,,,,52805,,0,0,0,11807,125,0,0,False,False,2,0,0,0,0,0,1,0.18181818181818182,4,0
KR_7675386461,GameComplete,CLASSIC,teambuilder-match-7675386461,1742,15.11.685.5259,True,False,Nidalee,TOP,16,12371,27,3078;3047;6610;3181;1055;1028;3340,,,,158218,,6793,18126,6793,43244,199,0,0,False,False,5,3,1,0,0,0,2,0.3125,4,5
KR_7675354493,GameComplete,CLASSIC,teambuilder-match-7675354493,1278,15.11.685.5259,True,False,Nidalee,TOP,14,8846,19,3078;3153;2055;3111;1055;3340,,,,115535,,5387,5387,5387,19225,188,0,0,False,False,2,1,0,0,0,0,1,0.16,1,2
KR_7675300836,GameComplete,CLASSIC,teambuilder-match-7675300836,1685,15.11.685.5259,True,False,TwistedFate,MIDDLE,18,15011,22,3100;3094;2420;3111;1056;6657;3363,,,,188912,,10928,10928,10928,26857,250,0,0,False,True,3,2,0,0,0,0,1,0.5517241379310345,4,13
KR_7675091070,GameComplete,CLASSIC,teambuilder-match-7675091070,2525,15.11.685.5259,True,False,Annie,BOTTOM,18,18354,38,3152;3869;3157;4643;3116;3171;3364,,,,102807,,859,5672,859,42512,72,0,0,False,False,14,2,2,0,0,0,2,0.6805555555555556,7,35
KR_7675020886,GameComplete,CLASSIC,teambuilder-match-7675020886,2197,15.11.685.5259,True,False,Sylas,MIDDLE,18,15267,29,3152;1058;3157;4633;3171;1058;3364,,,,214422,,6832,16950,6832,51856,275,0,0,False,False,8,3,0,0,0,0,1,0.5714285714285714,7,12
KR_7674996579,GameComplete,CLASSIC,teambuilder-match-7674996579,958,15.11.685.5259,False,False,Irelia,NONE,10,4834,14,2031;1001;3153;1036;1055;3340,,,,55982,,0,0,0,14967,132,0,0,False,False,0,0,0,0,0,0,0,0,5,0
KR_7674939074,GameComplete,CLASSIC,teambuilder-match-7674939074,1720,15.11.685.5259,True,False,Irelia,MIDDLE,16,13793,28,3181;3153;3173;6333;1055;1043;3340,,,,192080,,13066,23903,13066,35794,224,0,0,False,True,8,2,1,0,0,0,2,0.30303030303030304,6,2
KR_7674896540,GameComplete,CLASSIC,teambuilder-match-7674896540,982,15.11.685.5259,True,False,Poppy,NONE,7,4690,18,3869;2031;3066;3013;1031;3364,,,,11008,,20,870,20,5369,18,0,0,True,False,2,0,0,0,0,0,1,0.5294117647058824,2,7
KR_7674876399,GameComplete,CLASSIC,teambuilder-match-7674876399,921,15.11.685.5259,True,False,Irelia,NONE,11,6328,16,2031;3153;2055;3066;1054;3047;3340,,,,68665,,1376,1467,1376,10665,149,0,0,False,False,2,0,0,0,0,0,1,0.375,1,1
KR_7674497791,GameComplete,CLASSIC,teambuilder-match-7674497791,2154,15.11.685.5259,True,False,TwistedFate,MIDDLE,18,17671,27,3094;3173;2420;6657;3089;3100;3363,,,,280076,,7040,12305,7040,27220,312,0,0,False,False,5,0,0,0,0,0,1,0.43243243243243246,3,11
KR_7674470119,GameComplete,CLASSIC,teambuilder-match-7674470119,1926,15.11.685.5259,True,False,Irelia,MIDDLE,18,15193,33,3153;3091;3111;2501;6333;3364,,,,201345,,10385,11008,10385,38253,256,0,0,False,False,5,1,1,0,0,0,2,0.4117647058823529,6,9
KR_7674430841,GameComplete,CLASSIC,teambuilder-match-7674430841,1442,15.11.685.5259,False,False,Sylas,MIDDLE,14,10433,23,3152;4633;1052;3111;1056;3041;3364,,,,98500,,2277,2691,2277,26139,171,0,0,False,True,5,0,1,0,0,0,2,0.7777777777777778,7,2
KR_7674372800,GameComplete,CLASSIC,teambuilder-match-7674372800,1943,15.11.685.5259,True,False,TwistedFate,MIDDLE,18,16239,23,3157;3100;2065;3094;3170;1082;3363,,,,196950,,2072,8203,2072,21995,245,0,0,False,False,9,0,0,0,0,0,1,0.55,5,13
KR_7674217585,GameComplete,CLASSIC,teambuilder-match-7674217585,2242,15.11.685.5259,True,False,TwistedFate,MIDDLE,18,19223,30,3089;3173;3157;3100;3094;3041;3363,,,,251347,,11984,24563,11984,38258,270,0,0,False,False,8,0,0,0,0,0,1,0.7142857142857143,4,22
KR_7674148485,GameComplete,CLASSIC,teambuilder-match-7674148485,1542,15.11.685.5259,False,False,Azir,MIDDLE,15,11289,25,2055;3115;3157;1082;3020;6653;3363,,,,119208,,1577,1577,1577,19790,220,0,0,False,False,5,0,0,0,0,0,1,0.5,8,3
KR_7673529621,GameComplete,CLASSIC,teambuilder-match-7673529621,2099,15.11.685.5259,True,False,Azir,MIDDLE,17,13163,28,3115;1082;4630;3020;3089;3116;3363,,,,181246,,5041,11628,5041,29666,220,0,0,False,False,3,1,0,0,0,0,1,0.6153846153846154,7,21
KR_7673504708,GameComplete,CLASSIC,teambuilder-match-7673504708,1561,15.11.685.5259,True,False,Corki,MIDDLE,15,10697,18,3086;3078;3047;1055;3042;3363,,,,146746,,8771,17150,8771,16951,197,0,0,False,False,2,0,0,0,0,0,1,0.5652173913043478,4,11
KR_7673253039,GameComplete,CLASSIC,teambuilder-match-7673253039,1737,15.11.685.5259,False,False,Corki,TOP,15,13495,25,3078;3111;3031;3086;1055;3042;3363,,,,168882,,5825,5825,5825,25558,243,0,0,False,False,7,0,0,0,0,0,1,0.7142857142857143,5,3
KR_7673184544,GameComplete,CLASSIC,teambuilder-match-7673184544,1504,15.11.685.5259,False,False,Zed,MIDDLE,15,11347,28,6692;3071;3161;3158;3364,,,,118096,,0,444,0,16515,195,0,0,False,False,7,3,1,0,0,0,2,0.38095238095238093,3,1
KR_7672158834,GameComplete,CLASSIC,teambuilder-match-7672158834,1645,15.11.685.5259,False,False,Gragas,BOTTOM,11,7331,30,3871;2055;3190;3110;3158;3364,,,,21525,,71,343,71,27188,32,0,0,False,False,2,0,0,0,0,0,1,0.6666666666666666,7,10
KR_7672113932,GameComplete,CLASSIC,teambuilder-match-7672113932,1214,15.11.685.5259,True,False,Taliyah,MIDDLE,14,9547,19,3116;3040;3171;1033;1056;1082;3363,,,,119446,,5707,6012,5707,11148,178,0,0,False,False,3,0,0,0,0,0,1,0.3793103448275862,2,8
KR_7672076236,GameComplete,CLASSIC,teambuilder-match-7672076236,1127,15.11.685.5259,True,False,Annie,NONE,12,7634,14,6657;1082;3158;1056;1026;3340,,,,57680,,1782,1782,1782,11549,135,0,0,False,False,5,1,1,0,0,0,2,0.37037037037037035,1,5
KR_7672062200,GameComplete,CLASSIC,teambuilder-match-7672062200,182,15.11.685.5259,False,True,Taliyah,NONE,2,850,5,2031;2055;1056;3340,,,,2599,,0,0,0,1762,10,0,0,False,False,0,0,0,0,0,0,0,,1,0
KR_7672005171,GameComplete,CLASSIC,teambuilder-match-7672005171,1192,15.11.685.5259,True,False,Ahri,NONE,14,10655,17,3171;2420;3118;3100;1082;3364,,,,103797,,5840,7457,5840,10335,174,0,0,False,False,10,2,0,0,0,0,1,0.4838709677419355,1,5
KR_7671885689,GameComplete,CLASSIC,teambuilder-match-7671885689,2469,15.11.685.5259,True,False,Zoe,MIDDLE,18,16556,30,4628;6655;3089;3135;1058;3158;3340,,,,218284,,1041,4417,1041,27462,252,0,0,False,False,8,0,0,0,0,0,1,0.5116279069767442,5,14
KR_7671664141,GameComplete,CLASSIC,teambuilder-match-7671664141,1096,15.11.685.5259,True,False,Taliyah,NONE,12,9196,22,6653;3171;3040;1056;3363,,,,82045,,4327,5894,4327,11876,134,0,0,False,False,9,3,0,0,0,0,1,0.5185185185185185,2,5
KR_7671601006,GameComplete,CLASSIC,teambuilder-match-7671601006,1644,15.11.685.5259,False,False,Zoe,MIDDLE,14,10081,20,4628;3158;1058;6655;1058;1082;3363,,,,124140,,3592,4020,3592,19122,203,0,0,False,False,1,0,0,0,0,0,1,0.45454545454545453,5,4
KR_7670710614,GameComplete,CLASSIC,teambuilder-match-7670710614,1417,15.11.685.5259,True,False,Corki,MIDDLE,14,10044,23,3078;3042;3111;1055;3086;3363,,,,134312,,12738,21075,12738,12702,195,0,0,False,False,3,0,0,0,0,0,1,0.32,3,5
KR_7670660881,GameComplete,CLASSIC,teambuilder-match-7670660881,1738,15.11.685.5259,False,False,Ryze,MIDDLE,16,11882,24,6657;3157;3040;1056;3111;3363,,,,174128,,5024,7180,5024,31149,223,0,0,False,False,4,1,0,0,0,0,1,0.6875,3,7
KR_7670561488,GameComplete,CLASSIC,teambuilder-match-7670561488,1507,15.11.685.5259,False,False,Nidalee,TOP,14,10438,21,3111;3078;6610;1055;2021;3363,,,,98849,,7925,7925,7925,28384,179,0,0,True,False,1,0,0,0,0,0,1,0.35294117647058826,6,5
KR_7670323990,GameComplete,CLASSIC,teambuilder-match-7670323990,1408,15.11.685.5259,True,False,Viktor,MIDDLE,16,10351,25,3173;6657;2421;6653;1056;1082;3363,,,,139103,,2445,3611,2445,13588,237,0,0,False,False,3,0,0,0,0,0,1,0.2857142857142857,1,3
KR_7669181716,GameComplete,CLASSIC,teambuilder-match-7669181716,1541,15.11.685.5259,False,False,Leblanc,MIDDLE,13,9239,21,3089;1082;3171;6655;1056;3364,,,,85616,,2017,3234,2017,19659,172,0,0,False,True,3,1,1,0,0,0,2,0.4444444444444444,3,5
KR_7669130874,GameComplete,CLASSIC,teambuilder-match-7669130874,1545,15.11.685.5259,False,False,Taliyah,MIDDLE,14,10508,27,3040;6653;1058;1082;1056;3158;3363,,,,134061,,617,6089,617,16497,222,0,0,False,False,4,1,0,0,0,0,1,0.4666666666666667,4,3
KR_7669064080,GameComplete,CLASSIC,teambuilder-match-7669064080,1773,15.11.685.5259,False,False,Akali,MIDDLE,15,9872,21,3152;4645;1026;3175;1052;1082;3364,,,,126556,,4014,4014,4014,31074,222,0,0,False,False,1,0,0,0,0,0,1,0.14285714285714285,6,2
KR_7668990305,GameComplete,CLASSIC,teambuilder-match-7668990305,1874,15.11.685.5259,False,False,Vi,JUNGLE,15,11369,23,6610;3111;2055;3071;3053;3364,,,,272586,,0,18686,0,33839,29,0,2,False,False,2,0,0,0,0,0,1,0.65,3,11
KR_7668079655,GameComplete,CLASSIC,teambuilder-match-7668079655,1798,15.11.685.5259,False,False,Ryze,TOP,16,12245,29,1058;3040;3157;6657;1056;3111;3363,,,,180122,,3886,5480,3886,27984,245,0,0,False,False,2,0,0,0,0,0,1,0.5882352941176471,5,8
KR_7668031665,GameComplete,CLASSIC,teambuilder-match-7668031665,1172,15.11.685.5259,True,False,Sylas,NONE,13,8634,21,6657;3171;4629;1056;3364,,,,85745,,1463,1463,1463,24952,166,0,0,False,False,5,0,1,0,0,0,2,0.4583333333333333,2,6
KR_7668007561,GameComplete,CLASSIC,teambuilder-match-7668007561,1384,15.11.685.5259,True,False,Orianna,MIDDLE,16,11525,22,3102;3040;3145;3158;1056;1058;3363,,,,130834,,5120,7744,5120,11703,225,0,0,False,False,3,2,0,0,0,0,1,0.5666666666666667,0,14
KR_7667991295,GameComplete,CLASSIC,teambuilder-match-7667991295,101,15.11.685.5259,False,True,Azir,NONE,1,524,3,2003;1056;3340,,,,492,,0,0,0,0,1,0,0,False,False,0,0,0,0,0,0,0,,0,0
KR_7667948824,GameComplete,CLASSIC,teambuilder-match-7667948824,1896,15.11.685.5259,False,False,Galio,MIDDLE,16,12434,25,6664;3111;2420;3041;4633;3916;3364,,,,159844,,0,1476,0,30060,245,0,0,False,False,5,0,0,0,0,0,1,0.5555555555555556,6,10
KR_7667898191,GameComplete,CLASSIC,teambuilder-match-7667898191,1926,15.11.685.5259,False,False,Sylas,MIDDLE,16,11129,22,4629;6657;1026;1082;4630;3171;3364,,,,135914,,3528,3528,3528,42088,210,0,0,False,False,3,1,0,0,0,0,1,0.26666666666666666,9,5
